total_gain,average_annual,total_return,balance
-4471.33000000006,-100.0,-4.47133000000006,95528.66999999994
